Name,Description,Discipline,Add-ons,Class Price,Shipping Price,Keycode Bank,Card Type,Secondary Card Type,eCard Code,Online Only?,Allows Unscheduled Students?
Advanced Cardiac Life Support (ACLS),,ACLS,,$0.00,$0.00,,AHA ACLS Provider,,25-3000,,
Basic Life Support (BLS),,BLS,,$0.00,$0.00,,AHA BLS Provider,,25-3001,,
Blood Borne Pathogens,,Other,,$0.00,$0.00,,,,,,
Family & Friends® CPR,,Heartsaver,,$0.00,$0.00,,,,,,
HeartCode® ACLS,,ACLS,,$0.00,$0.00,,AHA ACLS Provider,,25-3000,,
HeartCode® BLS,,BLS,,$0.00,$0.00,,AHA BLS Provider,,25-3001,,
HeartCode® PALS,,PALS,,$0.00,$0.00,,AHA PALS Provider,,25-3006,,
Heartsaver® CPR AED,,Heartsaver,,$0.00,$0.00,,Heartsaver CPR AED,,25-3004,,
Heartsaver® First Aid,,Heartsaver,,$0.00,$0.00,,Heartsaver First Aid,,25-3005,,
Heartsaver® First Aid CPR AED,,Heartsaver,,$0.00,$0.00,,Heartsaver First Aid CPR AED,,25-3002,,
Heartsaver® Pediatric First Aid CPR AED,,Heartsaver,,$0.00,$0.00,,Heartsaver Pediatric First Aid CPR AED,,25-3003,,
Online Heartsaver® CPR AED,,Heartsaver,,$0.00,$0.00,,Heartsaver CPR AED,,25-3004,,
Online Heartsaver® First Aid,,Heartsaver,,$0.00,$0.00,,Heartsaver First Aid,,25-3005,,
Online Heartsaver® First Aid CPR AED,,Heartsaver,,$0.00,$0.00,,Heartsaver First Aid CPR AED,,25-3002,,
Pediatric Advanced Life Support (PALS),,PALS,,$0.00,$0.00,,AHA PALS Provider,,25-3006,,